Workbook

Sheet Resumen_General
A1: CYBERSOLUTIONS S.A. DE C.V.
A2: DASHBOARD DE ÓRDENES DE COMPRA Y MATERIALES DE PROYECTO
A4: Total Proveedores | C4: Total Componentes | E4: Monto Total Consolidado
A5: 13 | C5: 27 | E5: =SUM(Consolidado_Materiales!H2:H28) -> 41705.78
A8: RESUMEN DE ÓRDENES DE COMPRA POR PROVEEDOR
A9: N° | B9: Proveedor | C9: Orden de Compra | D9: Ítems | E9: Subtotal (MXN) | F9: IVA 16% (MXN) | G9: Total (MXN)
A10: 1 | B10: MARSA ACEROS | C10: OC-2026-001 | D10: =COUNT('MARSA ACEROS'!A16:A29) -> 2 | E10: ='MARSA ACEROS'!G31 -> 628 | F10: ='MARSA ACEROS'!G32 -> 100.48 | G10: ='MARSA ACEROS'!G33 -> 728.48
A11: 2 | B11: Amazon | C11: OC-2026-002 | D11: =COUNT(Amazon!A16:A29) -> 5 | E11: =Amazon!G31 -> 6345 | F11: =Amazon!G32 -> 1015.2 | G11: =Amazon!G33 -> 7360.2
A12: 3 | B12: Aliexpress | C12: OC-2026-003 | D12: =COUNT(Aliexpress!A16:A29) -> 5 | E12: =Aliexpress!G31 -> 15167.6 | F12: =Aliexpress!G32 -> 2426.816 | G12: =Aliexpress!G33 -> 17594.416
A13: 4 | B13: NXP | C13: OC-2026-004 | D13: =COUNT(NXP!A16:A29) -> 1 | E13: =NXP!G31 -> 1017.45 | F13: =NXP!G32 -> 162.792 | G13: =NXP!G33 -> 1180.242
A14: 5 | B14: JLCPCB | C14: OC-2026-005 | D14: =COUNT(JLCPCB!A16:A29) -> 1 | E14: =JLCPCB!G31 -> 200 | F14: =JLCPCB!G32 -> 32 | G14: =JLCPCB!G33 -> 232
A15: 6 | B15: Intel | C15: OC-2026-006 | D15: =COUNT(Intel!A16:A29) -> 1 | E15: =Intel!G31 -> 8060 | F15: =Intel!G32 -> 1289.6 | G15: =Intel!G33 -> 9349.6
A16: 7 | B16: ZICZNT | C16: OC-2026-007 | D16: =COUNT(ZICZNT!A16:A29) -> 1 | E16: =ZICZNT!G31 -> 1525.83 | F16: =ZICZNT!G32 -> 244.1328 | G16: =ZICZNT!G33 -> 1769.9628
A17: 8 | B17: SanDoRobotics | C17: OC-2026-008 | D17: =COUNT(SanDoRobotics!A16:A29) -> 1 | E17: =SanDoRobotics!G31 -> 12960 | F17: =SanDoRobotics!G32 -> 2073.6 | G17: =SanDoRobotics!G33 -> 15033.6
A18: 9 | B18: Mexbit | C18: OC-2026-009 | D18: =COUNT(Mexbit!A16:A29) -> 8 | E18: =Mexbit!G31 -> 290 | F18: =Mexbit!G32 -> 46.4 | G18: =Mexbit!G33 -> 336.4
A19: 10 | B19: Elf te Motor-Steadywin Official Store | C19: OC-2026-010 | D19: =COUNT('Elf te Motor-Steadywin Official'!A16:A29) -> 2 | E19: ='Elf te Motor-Steadywin Official'!G31 -> 3156.9 | F19: ='Elf te Motor-Steadywin Official'!G32 -> 505.104 | G19: ='Elf te Motor-Steadywin Official'!G33 -> 3662.004
A20: 11 | B20: Steren | C20: OC-2026-011 | D20: =COUNT(Steren!A16:A29) -> 1 | E20: =Steren!G31 -> 199 | F20: =Steren!G32 -> 31.84 | G20: =Steren!G33 -> 230.84
A21: 12 | B21: Mar China | C21: OC-2026-012 | D21: =COUNT('Mar China'!A16:A29) -> 1 | E21: ='Mar China'!G31 -> 2720.88 | F21: ='Mar China'!G32 -> 435.3408 | G21: ='Mar China'!G33 -> 3156.2208
A22: 13 | B22: Lizar | C22: OC-2026-013 | D22: =COUNT(Lizar!A16:A29) -> 1 | E22: =Lizar!G31 -> 200 | F22: =Lizar!G32 -> 32 | G22: =Lizar!G33 -> 232
B23: TOTAL GENERAL | D23: =SUM(D10:D22) -> 30 | E23: =SUM(E10:E22) -> 52470.66 | F23: =SUM(F10:F22) -> 8395.3056 | G23: =SUM(G10:G22) -> 60865.966

Sheet Consolidado_Materiales
A1: CONSOLIDADO MASTER DE MATERIALES Y COMPONENTES
A2: ID | B2: Proyecto | C2: Componente / Descripción | D2: Proveedor | E2: Modelo / Código | F2: Cantidad | G2: Unidad | H2: Subtotal Lineal ($) | I2: Tiempo Entrega | J2: País Origen | K2: Contacto | L2: Ficha Técnica | M2: Fecha Cotización | N2: Riesgo Suministro | O2: Estatus OC
A3: AMR | B3: AMR | C3: PTR 1/2''x1/2'' calibre 16 | D3: MARSA ACEROS | E3: Acero al carbón | F3: 6 | G3: metros | H3: 600 | I3: Inmediato | J3: México | K3: 3318941761 | L3: https://neufert-cdn.archdaily.net/uploads/product_file/file/2979/Informaci_n_t_cnica_Tuber_a_y_Perfiles.pdf | M3: 8/20/2026 | N3: Bajo | O3: Generado
A4: AMR2 | B4: AMR | C4: Filamento para impresión | D4: Amazon | E4: Filamento Creality PLA-CF | F4: 1 | G4: kg | H4: 472 | I4: 2-5 días | J4: México | K4: https://www.amazon.com.mx/Creality-Filamento-Velocidad-Precisi%C3%B3n-Dimensional/dp/B0CW2HNX9Z/ref=asc_df_B0CW2HNX9Z?mcid=7270e3ac5d6c382c973c093f6d01f4c1&tag=gledskshopmx-20&linkCode=df0&hvadid=709846585842&hvpos=&hvnetw=g&hvrand=5090988279418419497&hvpone=&hvptwo=&hvqmt=&hvdev=c&hvdvcmdl=&hvlocint=&hvlocphy=9135228&hvtargid=pla-2425754051991&hvocijid=5090988279418419497-B0CW2HNX9Z-&hvexpln=0&language=es_MX&th=1 | L4: https://store.creality.com/es/products/hyper-pla-cf | M4: 8/20/2026 | N4: Medio | O4: Generado
A5: AMR3 | B5: AMR | C5: Motor | D5: Aliexpress | E5: Chihai | F5: 4 | G5: Pza | H5: 2575.6 | I5: 1-4 semanas | J5: China | K5: 86-14775544575 | L5: https://es.aliexpress.com/item/32822227433.html?src=google&src=google&albch=shopping&acnt=742-864-1166&isdl=y&slnk=&plac=&mtctp=&albbt=Google_7_shopping&aff_platform=google&aff_short_key=UneMJZVf&gclsrc=aw.ds&albagn=888888&ds_e_adid=&ds_e_matchtype=&ds_e_device=c&ds_e_network=x&ds_e_product_group_id=&ds_e_product_id=es32822227433&ds_e_product_merchant_id=106284498&ds_e_product_country=MX&ds_e_product_language=es&ds_e_product_channel=online&ds_e_product_store_id=&ds_url_v=2&albcp=21989024792&albag=&isSmbAutoCall=false&needSmbHouyi=false&gad_source=1&gad_campaignid=21992960584&gbraid=0AAAAA99aYpekaq6Xwsyw5IOR2i4WFnqJu&gclid=Cj0KCQjw7eXTBhDBARIsAKF-w44cDTJcwSOQyjJs5eFc_WKQfW5BCsa-Duszc2aTK1phhz8Lbdw_irgaAr6HEALw_wcB | M5: 8/20/2026 | N5: Medio | O5: Generado
A6: AMR4 | B6: AMR | C6: Microcontrolador | D6: NXP | E6: NXP S32K344 | F6: 1 | G6: Pza | H6: 1017.45 | I6: 1 - 2 días | J6: México | K6: https://support.nxp.com/s/?language=en_US | L6: S32K3xx Data Sheet | M6: 8/20/2026 | N6: Medio | O6: Generado
A7: AMR5 | B7: AMR | C7: PCB | D7: JLCPCB | E7: NA | F7: 2 | G7: Pza | H7: 200 | I7: 1 semana | J7: China | K7: hk@jlcpcb.com | L7: ¿Qué es una PCB o Placa de Circuito Impreso? | Altium | M7: 8/20/2026 | N7: Medio | O7: Generado
A8: AMR6 | B8: AMR | C8: Computadora | D8: Intel | E8: Nuc 13 Pro | F8: 1 | G8: Pza | H8: 8060 | I8: 3 días | J8: México | K8: 33 2265 3660 | L8: https://gzhls.at/blob/ldb/3/0/e/6/3258a588b77a736bbb371eaa7d358c35de33.pdf | M8: 8/20/2026 | N8: Bajo | O8: Generado
A9: AMR7 | B9: AMR | C9: Lidar | D9: ZICZNT | E9: Rplidar A1M8 | F9: 1 | G9: Pza | H9: 1525.83 | I9: 2 semanas | J9: China | K9: support@siminics.com | L9: https://www.slamtec.com/en/lidar/a1?gad_source=1&gad_campaignid=22714698620&gbraid=0AAAAA_rvLk1GFNhzEN91uwncUxmMTGPgP&gclid=CjwKCAjwy5rUBhB5EiwAIoAtCuFFiCLyzqfg03964M5Fl_3vL7vGNnrAnaZGqjEM114ZdIXQrFMQHBoCG2IQAvD_BwE | M9: 8/20/2026 | N9: Medio | O9: Generado
A10: AMR8 | B10: AMR | C10: Web cam | D10: Amazon | E10: Logitech C920 | F10: 1 | G10: Pza | H10: 1222 | I10: 2-5 días | J10: México | K10: https://www.amazon.com.mx/Logitech-Webcam-Resoluci%C3%B3n-FullHD-1080p/dp/B006JH8T3S/ref=asc_df_B006JH8T3S?mcid=40a40b9a200839f89fe30624ccac09ca&tag=gledskshopmx-20&linkCode=df0&hvadid=709968296105&hvpos=&hvnetw=g&hvrand=5838201541394842404&hvpone=&hvptwo=&hvqmt=&hvdev=c&hvdvcmdl=&hvlocint=&hvlocphy=1010079&hvtargid=pla-365069354613&hvocijid=5838201541394842404-B006JH8T3S-&hvexpln=0&language=es_MX&th=1 | L10: https://www.logitech.com/es-mx/shop/p/c920-pro-hd-webcam | M10: 8/20/2026 | N10: Bajo | O10: Generado
A11: AMR9 | B11: AMR | C11: Drivers | D11: SanDoRobotics | E11: Roboclaw 2x45 | F11: 2 | G11: Pza | H11: 12960 | I11: 3-7 días | J11: México | K11: 5557683208 | L11: https://core-electronics.com.au/attachments/localcontent/roboclaw_datasheet_ST_2x45A_43321507500.pdf | M11: 8/20/2026 | N11: Bajo | O11: Generado
A12: AMR10 | B12: AMR | C12: Resistencia | D12: Mexbit | E12: 10 k omh | F12: 10 | G12: Pza | H12: 20 | I12: inmediato | J12: México | K12: 33 34495988 | L12: RESISTOR Datasheet(PDF) - DMR16 - Dubilier | M12: 8/20/2026 | N12: Bajo | O12: Generado
A13: AMR11 | B13: AMR | C13: Optoacoplador | D13: Mexbit | E13: 4n25 | F13: 10 | G13: Pza | H13: 80 | I13: inmediato | J13: México | K13: 33 34495988 | L13: 4n25.pdf | M13: 8/20/2026 | N13: Bajo | O13: Generado
A14: AMR12 | B14: AMR | C14: Diodo | D14: Mexbit | E14: 1n4007 | F14: 10 | G14: Pza | H14: 30 | I14: inmediato | J14: México | K14: 33 34495988 | L14: 1N4007 Datasheet(PDF) - Diodes Incorporated | M14: 8/20/2026 | N14: Bajo | O14: Generado
... A32: Brazo robotico 10 | B32: Brazo Robótico | C32: Rodamiento de rodillos cruzados | D32: Amazon | E32: SHF-14 | F32: 1 | G32: Pza | H32: 2566 | I32: 3-10 días | J32: Estados Unidos | K32: https://www.amazon.com.mx/Rodamiento-rodillos-cruzados-SHF-14-SHF-17/dp/B0HCNCN74D/ref=sr_1_13?dib=eyJ2IjoiMSJ9.HG-IB0-rHKeN-jeEy1c-7jYM8t1ieseLNhhoS71Y3TdpCNKGw71VxXPhN-H_shkrZ2RUDOyrSarwz50Qi66munB7MJLgxK835VRa447h7Wc0kDUsYX9X4tdR85FiQdh-PcBkNAWFhCuQWE6ghmDtCaSELgGrhU3zDoYXuUxwMATEIvqmvR-o_vEggaXn8t9nmDpF5O4YQzhMtDV61G2-smLfu8ma7u-PqRcswmfVpdrP8E15NsZjLRiiPzOXzGIY9NteXMfvwR5d9QB9u6gy8m4b3qYNTMOkSVQQguvsudY.zislI9_XlbW8GwcjgfLHqYzQO4ognlFL_R4eoPeeWTg&dib_tag=se&keywords=balero%2Bde%2Brodillos%2Bcruzados&qid=1787243163&sr=8-13&ufe=app_do%3Aamzn1.fos.de93fa6a-174c-4df7-be7c-5bc8e9c5a71b&th=1 | L32: https://lkpbearing.com/shf14-shg14-harmonic-reducer-bearings/ | M32: 8/20/2026 | N32: Medio | O32: Generado
C33: TOTAL CONSOLIDADO | H33: =SUM(H6:H32) -> 43573.06

Sheet MARSA ACEROS
A1: ORDEN DE COMPRA
A4: CyberSolutions S.A. de C.V. | F4: N° de Orden: | G4: OC-2026-001
A5: Avenida Aviación 4304, Zapopan, Jalisco | B5: Av. General Ramon Corona | F5: Fecha: | G5: 20/08/2026
A6: Correo: compras@cybersolutions.com | Tel: 341 646 1280 | F6: Términos: | G6: 30 días netos
A8: DATOS DEL PROVEEDOR | E8: ENVIAR A | I8: Simbología
A9: Empresa: | B9: MARSA ACEROS | E9: Empresa: | F9: CyberSolutions S.A. de C.V. | I9: Status entregado
A10: Atención: | B10: Atención a Clientes | E10: Atención: | F10: Depto. de Almacén y Logística | I10: Status en camino
A11: Dirección: | B11: País: México | E11: Dirección: | F11: Avenida Aviación 4304, Zapopan | I11: Status por salir
A12: Tel/Email: | B12: 3318941761 | E12: Notas: | F12: Tel: 341 646 1280
A15: Ítem | B15: Código | C15: Descripción | D15: Cantidad | E15: Unidad | F15: Precio Unitario | G15: Importe | H15: Status
A16: 1 | B16: Acero al carbón | C16: PTR 1/2''x1/2'' calibre 16 | D16: 6 | E16: metros | F16: 100 | G16: =D16*F16 -> 600
A17: 2 | B17: Calibre 16 | C17: Lamina de acero | D17: 1 | E17: kg | F17: 28 | G17: =D17*F17 -> 28
F31: Subtotal: | G31: =SUM(G16:G29) -> 628
F32: IVA (16%): | G32: =G31*0.16 -> 100.48
A33: Autorizado por: | B33: _________________________ | F33: TOTAL: | G33: =G31+G32 -> 728.48

Sheet Amazon
A1: ORDEN DE COMPRA
A4: CyberSolutions S.A. de C.V. | F4: N° de Orden: | G4: OC-2026-002
A5: Avenida Aviación 4304, Zapopan, Jalisco | B5: Av. General Ramon Corona | F5: Fecha: | G5: 20/08/2026
A6: Correo: compras@cybersolutions.com | Tel: 341 646 1280 | F6: Términos: | G6: 30 días netos
A8: DATOS DEL PROVEEDOR | E8: ENVIAR A | I8: Simbología
A9: Empresa: | B9: Amazon | E9: Empresa: | F9: CyberSolutions S.A. de C.V. | I9: Status entregado
A10: Atención: | B10: Atención a Clientes | E10: Atención: | F10: Depto. de Almacén y Logística | I10: Status en camino
A11: Dirección: | B11: País: México | E11: Dirección: | F11: Avenida Aviación 4304, Zapopan | I11: Status por salir
A12: Tel/Email: | B12: https://www.amazon.com.mx/Creality-Filamento-Velocidad-Precisi%C3%B3n-Dimensional/dp/B0CW2HNX9Z/ref=asc_df_B0CW2HNX9Z?mcid=7270e3ac5d6c382c973c093f6d01f4c1&tag=gledskshopmx-20&linkCode=df0&hvadid=709846585842&hvpos=&hvnetw=g&hvrand=5090988279418419497&hvpone=&hvptwo=&hvqmt=&hvdev=c&hvdvcmdl=&hvlocint=&hvlocphy=9135228&hvtargid=pla-2425754051991&hvocijid=5090988279418419497-B0CW2HNX9Z-&hvexpln=0&language=es_MX&th=1 | E12: Notas: | F12: Tel: 341 646 1280
A15: Ítem | B15: Código | C15: Descripción | D15: Cantidad | E15: Unidad | F15: Precio Unitario | G15: Importe | H15: Status
A16: 1 | B16: Filamento Creality PLA-CF | C16: Filamento para impresión | D16: 1 | E16: kg | F16: 472 | G16: =D16*F16 -> 472
A17: 2 | B17: Logitech C920 | C17: Web cam | D17: 1 | E17: Pza | F17: 1222 | G17: =D17*F17 -> 1222
A18: 3 | B18: E18-B03N1 | C18: Sensor Infrarrojo difuso | D18: 5 | E18: Pza | F18: 165 | G18: =D18*F18 -> 825
A19: 4 | B19: Filamento Creality PLA-CF | C19: Filamento para impresión | D19: 3 | E19: kg | F19: 420 | G19: =D19*F19 -> 1260
A20: 5 | B20: SHF-14 | C20: Rodamiento de rodillos cruzados | D20: 1 | E20: Pza | F20: 2566 | G20: =D20*F20 -> 2566
F31: Subtotal: | G31: =SUM(G16:G29) -> 6345
F32: IVA (16%): | G32: =G31*0.16 -> 1015.2
A33: Autorizado por: | B33: _________________________ | F33: TOTAL: | G33: =G31+G32 -> 7360.2

Sheet Aliexpress
A1: ORDEN DE COMPRA
A4: CyberSolutions S.A. de C.V. | F4: N° de Orden: | G4: OC-2026-003
A5: Avenida Aviación 4304, Zapopan, Jalisco | B5: Av. General Ramon Corona | F5: Fecha: | G5: 20/08/2026
A6: Correo: compras@cybersolutions.com | Tel: 341 646 1280 | F6: Términos: | G6: 30 días netos
A8: DATOS DEL PROVEEDOR | E8: ENVIAR A | I8: Simbología
A9: Empresa: | B9: Aliexpress | E9: Empresa: | F9: CyberSolutions S.A. de C.V. | I9: Status entregado
A10: Atención: | B10: Atención a Clientes | E10: Atención: | F10: Depto. de Almacén y Logística | I10: Status en camino
A11: Dirección: | B11: País: China | E11: Dirección: | F11: Avenida Aviación 4304, Zapopan | I11: Status por salir
A12: Tel/Email: | B12: 86-14775544575 | E12: Notas: | F12: Tel: 341 646 1280
A15: Ítem | B15: Código | C15: Descripción | D15: Cantidad | E15: Unidad | F15: Precio Unitario | G15: Importe | H15: Status
A16: 1 | B16: Chihai | C16: Motor | D16: 4 | E16: Pza | F16: 643.9 | G16: =D16*F16 -> 2575.6
A17: 2 | B17: 24V LiPo | C17: Bateria | D17: 1 | E17: Pza | F17: 4027 | G17: =D17*F17 -> 4027
A18: 3 | B18: Lipo Tester | C18: Probador de Batería | D18: 1 | E18: Pza | F18: 65 | G18: =D18*F18 -> 65
A19: 4 | B19: Encoder | C19: Encoder de doble cuadratura | D19: 4 | E19: Pza | F19: 1750 | G19: =D19*F19 -> 7000
A20: 5 | B20: LiDAR | C20: Sensor de deteción de luz y rango | D20: 1 | E20: Pza | F20: 1500 | G20: =D20*F20 -> 1500
F31: Subtotal: | G31: =SUM(G16:G29) -> 15167.6
F32: IVA (16%): | G32: =G31*0.16 -> 2426.816
A33: Autorizado por: | B33: _________________________ | F33: TOTAL: | G33: =G31+G32 -> 17594.416

Sheet NXP
A1: ORDEN DE COMPRA
A4: CyberSolutions S.A. de C.V. | F4: N° de Orden: | G4: OC-2026-004
A5: Avenida Aviación 4304, Zapopan, Jalisco | B5: Av. General Ramon Corona | F5: Fecha: | G5: 20/08/2026
A6: Correo: compras@cybersolutions.com | Tel: 341 646 1280 | F6: Términos: | G6: 30 días netos
A8: DATOS DEL PROVEEDOR | E8: ENVIAR A | I8: Simbología
A9: Empresa: | B9: NXP | E9: Empresa: | F9: CyberSolutions S.A. de C.V. | I9: Status entregado
A10: Atención: | B10: Atención a Clientes | E10: Atención: | F10: Depto. de Almacén y Logística | I10: Status en camino
A11: Dirección: | B11: País: México | E11: Dirección: | F11: Avenida Aviación 4304, Zapopan | I11: Status por salir
A12: Tel/Email: | B12: https://support.nxp.com/s/?language=en_US | E12: Notas: | F12: Tel: 341 646 1280
A15: Ítem | B15: Código | C15: Descripción | D15: Cantidad | E15: Unidad | F15: Precio Unitario | G15: Importe | H15: Status
A16: 1 | B16: NXP S32K344 | C16: Microcontrolador | D16: 1 | E16: Pza | F16: 1017.45 | G16: =D16*F16 -> 1017.45
F31: Subtotal: | G31: =SUM(G16:G29) -> 1017.45
F32: IVA (16%): | G32: =G31*0.16 -> 162.792
A33: Autorizado por: | B33: _________________________ | F33: TOTAL: | G33: =G31+G32 -> 1180.242

Sheet JLCPCB
A1: ORDEN DE COMPRA
A4: CyberSolutions S.A. de C.V. | F4: N° de Orden: | G4: OC-2026-005
A5: Avenida Aviación 4304, Zapopan, Jalisco | B5: Av. General Ramon Corona | F5: Fecha: | G5: 20/08/2026
A6: Correo: compras@cybersolutions.com | Tel: 341 646 1280 | F6: Términos: | G6: 30 días netos
A8: DATOS DEL PROVEEDOR | E8: ENVIAR A | I8: Simbología
A9: Empresa: | B9: JLCPCB | E9: Empresa: | F9: CyberSolutions S.A. de C.V. | I9: Status entregado
A10: Atención: | B10: Atención a Clientes | E10: Atención: | F10: Depto. de Almacén y Logística | I10: Status en camino
A11: Dirección: | B11: País: China | E11: Dirección: | F11: Avenida Aviación 4304, Zapopan | I11: Status por salir
A12: Tel/Email: | B12: hk@jlcpcb.com | E12: Notas: | F12: Tel: 341 646 1280
A15: Ítem | B15: Código | C15: Descripción | D15: Cantidad | E15: Unidad | F15: Precio Unitario | G15: Importe | H15: Status
A16: 1 | B16: PCB | C16: Placa de circuito impreso | D16: 2 | E16: Pza | F16: 100 | G16: =D16*F16 -> 200
F31: Subtotal: | G31: =SUM(G16:G29) -> 200
F32: IVA (16%): | G32: =G31*0.16 -> 32
A33: Autorizado por: | B33: _________________________ | F33: TOTAL: | G33: =G31+G32 -> 232

Sheet Intel
A1: ORDEN DE COMPRA
A4: CyberSolutions S.A. de C.V. | F4: N° de Orden: | G4: OC-2026-006
A5: Avenida Aviación 4304, Zapopan, Jalisco | B5: Av. General Ramon Corona | F5: Fecha: | G5: 20/08/2026
A6: Correo: compras@cybersolutions.com | Tel: 341 646 1280 | F6: Términos: | G6: 30 días netos
A8: DATOS DEL PROVEEDOR | E8: ENVIAR A
A9: Empresa: | B9: Intel | E9: Empresa: | F9: CyberSolutions S.A. de C.V.
A10: Atención: | B10: Atención a Clientes | E10: Atención: | F10: Depto. de Almacén y Logística
A11: Dirección: | B11: País: México | E11: Dirección: | F11: Avenida Aviación 4304, Zapopan
A12: Tel/Email: | B12: 33 2265 3660 | E12: Notas: | F12: Tel: 341 646 1280
A15: Ítem | B15: Código | C15: Descripción | D15: Cantidad | E15: Unidad | F15: Precio Unitario | G15: Importe
A16: 1 | B16: Nuc 13 Pro | C16: Computadora | D16: 1 | E16: Pza | F16: 8060 | G16: =D16*F16 -> 8060
F31: Subtotal: | G31: =SUM(G16:G29) -> 8060
F32: IVA (16%): | G32: =G31*0.16 -> 1289.6
A33: Autorizado por: | B33: _________________________ | F33: TOTAL: | G33: =G31+G32 -> 9349.6

Sheet ZICZNT
A1: ORDEN DE COMPRA
A4: CyberSolutions S.A. de C.V. | F4: N° de Orden: | G4: OC-2026-007
A5: Avenida Aviación 4304, Zapopan, Jalisco | B5: Av. General Ramon Corona | F5: Fecha: | G5: 20/08/2026
A6: Correo: compras@cybersolutions.com | Tel: 341 646 1280 | F6: Términos: | G6: 30 días netos
A8: DATOS DEL PROVEEDOR | E8: ENVIAR A
A9: Empresa: | B9: ZICZNT | E9: Empresa: | F9: CyberSolutions S.A. de C.V.
A10: Atención: | B10: Atención a Clientes | E10: Atención: | F10: Depto. de Almacén y Logística
A11: Dirección: | B11: País: China | E11: Dirección: | F11: Avenida Aviación 4304, Zapopan
A12: Tel/Email: | B12: support@siminics.com | E12: Notas: | F12: Tel: 341 646 1280
A15: Ítem | B15: Código | C15: Descripción | D15: Cantidad | E15: Unidad | F15: Precio Unitario | G15: Importe
A16: 1 | B16: Rplidar A1M8 | C16: Lidar | D16: 1 | E16: Pza | F16: 1525.83 | G16: =D16*F16 -> 1525.83
F31: Subtotal: | G31: =SUM(G16:G29) -> 1525.83
F32: IVA (16%): | G32: =G31*0.16 -> 244.1328
A33: Autorizado por: | B33: _________________________ | F33: TOTAL: | G33: =G31+G32 -> 1769.9628

Sheet SanDoRobotics
A1: ORDEN DE COMPRA
A4: CyberSolutions S.A. de C.V. | F4: N° de Orden: | G4: OC-2026-008
A5: Avenida Aviación 4304, Zapopan, Jalisco | B5: Av. General Ramon Corona | F5: Fecha: | G5: 20/08/2026
A6: Correo: compras@cybersolutions.com | Tel: 341 646 1280 | F6: Términos: | G6: 30 días netos
A8: DATOS DEL PROVEEDOR | E8: ENVIAR A
A9: Empresa: | B9: SanDoRobotics | E9: Empresa: | F9: CyberSolutions S.A. de C.V.
A10: Atención: | B10: Atención a Clientes | E10: Atención: | F10: Depto. de Almacén y Logística
A11: Dirección: | B11: País: México | E11: Dirección: | F11: Avenida Aviación 4304, Zapopan
A12: Tel/Email: | B12: 5557683208 | E12: Notas: | F12: Tel: 341 646 1280
A15: Ítem | B15: Código | C15: Descripción | D15: Cantidad | E15: Unidad | F15: Precio Unitario | G15: Importe
A16: 1 | B16: Roboclaw 2x45 | C16: Drivers | D16: 2 | E16: Pza | F16: 6480 | G16: =D16*F16 -> 12960
F31: Subtotal: | G31: =SUM(G16:G29) -> 12960
F32: IVA (16%): | G32: =G31*0.16 -> 2073.6
A33: Autorizado por: | B33: _________________________ | F33: TOTAL: | G33: =G31+G32 -> 15033.6

Sheet Mexbit
A1: ORDEN DE COMPRA
A4: CyberSolutions S.A. de C.V. | F4: N° de Orden: | G4: OC-2026-009
A5: Avenida Aviación 4304, Zapopan, Jalisco | B5: Av. General Ramon Corona | F5: Fecha: | G5: 20/08/2026
A6: Correo: compras@cybersolutions.com | Tel: 341 646 1280 | F6: Términos: | G6: 30 días netos
A8: DATOS DEL PROVEEDOR | E8: ENVIAR A
A9: Empresa: | B9: Mexbit | E9: Empresa: | F9: CyberSolutions S.A. de C.V.
A10: Atención: | B10: Atención a Clientes | E10: Atención: | F10: Depto. de Almacén y Logística
A11: Dirección: | B11: País: México | E11: Dirección: | F11: Avenida Aviación 4304, Zapopan
A12: Tel/Email: | B12: 33 34495988 | E12: Notas: | F12: Tel: 341 646 1280
A15: Ítem | B15: Código | C15: Descripción | D15: Cantidad | E15: Unidad | F15: Precio Unitario | G15: Importe
A16: 1 | B16: 10 k omh | C16: Resistencia | D16: 10 | E16: Pza | F16: 2 | G16: =D16*F16 -> 20
A17: 2 | B17: 4n25 | C17: Optoacoplador | D17: 10 | E17: Pza | F17: 8 | G17: =D17*F17 -> 80
A18: 3 | B18: 1n4007 | C18: Diodo | D18: 10 | E18: Pza | F18: 3 | G18: =D18*F18 -> 30
A19: 4 | B19: 10 mF | C19: Capacitor | D19: 10 | E19: Pza | F19: 4 | G19: =D19*F19 -> 40
A20: 5 | B20: UTP | C20: Cables UTP | D20: 5 | E20: m | F20: 6 | G20: =D20*F20 -> 30
A21: 6 | B21: Calibre 12 | C21: Cable Calibre 12 | D21: 3 | E21: m | F21: 10 | G21: =D21*F21 -> 30
A22: 7 | B22: UTP | C22: Cables UTP | D22: 5 | E22: m | F22: 6 | G22: =D22*F22 -> 30
A23: 8 | B23: Calibre 12 | C23: Cable Calibre 12 | D23: 3 | E23: m | F23: 10 | G23: =D23*F23 -> 30
F31: Subtotal: | G31: =SUM(G16:G29) -> 290
F32: IVA (16%): | G32: =G31*0.16 -> 46.4
A33: Autorizado por: | B33: _________________________ | F33: TOTAL: | G33: =G31+G32 -> 336.4

Sheet Elf te Motor-Steadywin Official
A1: ORDEN DE COMPRA
A4: CyberSolutions S.A. de C.V. | F4: N° de Orden: | G4: OC-2026-010
A5: Avenida Aviación 4304, Zapopan, Jalisco | B5: Av. General Ramon Corona | F5: Fecha: | G5: 20/08/2026
A6: Correo: compras@cybersolutions.com | Tel: 341 646 1280 | F6: Términos: | G6: 30 días netos
A8: DATOS DEL PROVEEDOR | E8: ENVIAR A
A9: Empresa: | B9: Elf te Motor-Steadywin Official Store | E9: Empresa: | F9: CyberSolutions S.A. de C.V.
A10: Atención: | B10: Atención a Clientes | E10: Atención: | F10: Depto. de Almacén y Logística
A11: Dirección: | B11: País: China | E11: Dirección: | F11: Avenida Aviación 4304, Zapopan
A12: Tel/Email: | B12: +86 13077918423 | E12: Notas: | F12: Tel: 341 646 1280
A15: Ítem | B15: Código | C15: Descripción | D15: Cantidad | E15: Unidad | F15: Precio Unitario | G15: Importe
A16: 1 | B16: GIM8108-8 | C16: Motor brushless 8NM GIM8108-48 | D16: 3 | E16: Pza | F16: 568.9 | G16: =D16*F16 -> 1706.7
A17: 2 | B17: GB3506 | C17: Motor brushless 3NM | D17: 3 | E17: Pza | F17: 483.4 | G17: =D17*F17 -> 1450.2
F31: Subtotal: | G31: =SUM(G16:G29) -> 3156.9
F32: IVA (16%): | G32: =G31*0.16 -> 505.104
A33: Autorizado por: | B33: _________________________ | F33: TOTAL: | G33: =G31+G32 -> 3662.004

Sheet Steren
A1: ORDEN DE COMPRA
A4: CyberSolutions S.A. de C.V. | F4: N° de Orden: | G4: OC-2026-011
A5: Avenida Aviación 4304, Zapopan, Jalisco | B5: Av. General Ramon Corona | F5: Fecha: | G5: 20/08/2026
A6: Correo: compras@cybersolutions.com | Tel: 341 646 1280 | F6: Términos: | G6: 30 días netos
A8: DATOS DEL PROVEEDOR | E8: ENVIAR A
A9: Empresa: | B9: Steren | E9: Empresa: | F9: CyberSolutions S.A. de C.V.
A10: Atención: | B10: Atención a Clientes | E10: Atención: | F10: Depto. de Almacén y Logística
A11: Dirección: | B11: País: México | E11: Dirección: | F11: Avenida Aviación 4304, Zapopan
A12: Tel/Email: | B12: 55 1516 6000 | E12: Notas: | F12: Tel: 341 646 1280
A15: Ítem | B15: Código | C15: Descripción | D15: Cantidad | E15: Unidad | F15: Precio Unitario | G15: Importe
A16: 1 | B16: MOT-135 | C16: Servomotor | D16: 1 | E16: Pza | F16: 199 | G16: =D16*F16 -> 199
F31: Subtotal: | G31: =SUM(G16:G29) -> 199
F32: IVA (16%): | G32: =G31*0.16 -> 31.84
A33: Autorizado por: | B33: _________________________ | F33: TOTAL: | G33: =G31+G32 -> 230.84

Sheet Mar China
A1: ORDEN DE COMPRA
A4: CyberSolutions S.A. de C.V. | F4: N° de Orden: | G4: OC-2026-012
A5: Avenida Aviación 4304, Zapopan, Jalisco | B5: Av. General Ramon Corona | F5: Fecha: | G5: 20/08/2026
A6: Correo: compras@cybersolutions.com | Tel: 341 646 1280 | F6: Términos: | G6: 30 días netos
A8: DATOS DEL PROVEEDOR | E8: ENVIAR A
A9: Empresa: | B9: Mar China | E9: Empresa: | F9: CyberSolutions S.A. de C.V.
A10: Atención: | B10: Atención a Clientes | E10: Atención: | F10: Depto. de Almacén y Logística
A11: Dirección: | B11: País: México | E11: Dirección: | F11: Avenida Aviación 4304, Zapopan
A12: Tel/Email: | B12: 33 3620 8756 | E12: Notas: | F12: Tel: 341 646 1280
A15: Ítem | B15: Código | C15: Descripción | D15: Cantidad | E15: Unidad | F15: Precio Unitario | G15: Importe
A16: 1 | B16: Aluminio 6061 | C16: Solera de alumino | D16: 4 | E16: ''x14''x1/4'' | F16: 680.22 | G16: =D16*F16 -> 2720.88
F31: Subtotal: | G31: =SUM(G16:G29) -> 2720.88
F32: IVA (16%): | G32: =G31*0.16 -> 435.3408
A33: Autorizado por: | B33: _________________________ | F33: TOTAL: | G33: =G31+G32 -> 3156.2208

Sheet Lizar
A1: ORDEN DE COMPRA
A4: CyberSolutions S.A. de C.V. | F4: N° de Orden: | G4: OC-2026-013
A5: Avenida Aviación 4304, Zapopan, Jalisco | B5: Av. General Ramon Corona | F5: Fecha: | G5: 20/08/2026
A6: Correo: compras@cybersolutions.com | Tel: 341 646 1280 | F6: Términos: | G6: 30 días netos
A8: DATOS DEL PROVEEDOR | E8: ENVIAR A
A9: Empresa: | B9: Lizar | E9: Empresa: | F9: CyberSolutions S.A. de C.V.
A10: Atención: | B10: Atención a Clientes | E10: Atención: | F10: Depto. de Almacén y Logística
A11: Dirección: | B11: País: México | E11: Dirección: | F11: Avenida Aviación 4304, Zapopan
A12: Tel/Email: | B12: 33 3124 5228 | E12: Notas: | F12: Tel: 341 646 1280
A15: Ítem | B15: Código | C15: Descripción | D15: Cantidad | E15: Unidad | F15: Precio Unitario | G15: Importe
A16: 1 | B16: Allen | C16: tornillos | D16: 40 | E16: Pza | F16: 5 | G16: =D16*F16 -> 200
F31: Subtotal: | G31: =SUM(G16:G29) -> 200
F32: IVA (16%): | G32: =G31*0.16 -> 32
A33: Autorizado por: | B33: _________________________ | F33: TOTAL: | G33: =G31+G32 -> 232
